<?xml version="1.0" encoding="UTF-8"?>
<project-private xmlns="http://www.netbeans.org/ns/project-private/1">
    <editor-bookmarks xmlns="http://www.netbeans.org/ns/editor-bookmarks/2" lastBookmarkId="0"/>
    <open-files xmlns="http://www.netbeans.org/ns/projectui-open-files/2">
        <group>
            <file>file:/C:/Users/samet/Documents/NetBeansProjects/SekaHospital/src/QRCode.java</file>
            <file>file:/C:/Users/samet/Documents/NetBeansProjects/SekaHospital/src/IWatchRequest.java</file>
            <file>file:/C:/Users/samet/Documents/NetBeansProjects/SekaHospital/src/DbHelper.java</file>
            <file>file:/C:/Users/samet/Documents/NetBeansProjects/SekaHospital/src/IMedicineRequest.java</file>
            <file>file:/C:/Users/samet/Documents/NetBeansProjects/SekaHospital/src/MailSender.java</file>
            <file>file:/C:/Users/samet/Documents/NetBeansProjects/SekaHospital/src/IViewPatients.java</file>
            <file>file:/C:/Users/samet/Documents/NetBeansProjects/SekaHospital/src/IDayOffRequest.java</file>
            <file>file:/C:/Users/samet/Documents/NetBeansProjects/SekaHospital/src/NurseViewInpatient.java</file>
            <file>file:/C:/Users/samet/Documents/NetBeansProjects/SekaHospital/src/Doctor.java</file>
            <file>file:/C:/Users/samet/Documents/NetBeansProjects/SekaHospital/src/AdminAddEmployee.java</file>
            <file>file:/C:/Users/samet/Documents/NetBeansProjects/SekaHospital/src/Admin.java</file>
            <file>file:/C:/Users/samet/Documents/NetBeansProjects/SekaHospital/src/Medicine.java</file>
            <file>file:/C:/Users/samet/Documents/NetBeansProjects/SekaHospital/src/Nurse.java</file>
            <file>file:/C:/Users/samet/Documents/NetBeansProjects/SekaHospital/src/Employee.java</file>
            <file>file:/C:/Users/samet/Documents/NetBeansProjects/SekaHospital/src/AdminAnswerRequest.java</file>
            <file>file:/C:/Users/samet/Documents/NetBeansProjects/SekaHospital/src/NurseCheckMedicines.java</file>
            <file>file:/C:/Users/samet/Documents/NetBeansProjects/SekaHospital/src/AdminViewPatient.java</file>
            <file>file:/C:/Users/samet/Documents/NetBeansProjects/SekaHospital/src/MainMenu.java</file>
            <file>file:/C:/Users/samet/Documents/NetBeansProjects/SekaHospital/src/DoctorPatientOperations.java</file>
            <file>file:/C:/Users/samet/Documents/NetBeansProjects/SekaHospital/src/Main.java</file>
            <file>file:/C:/Users/samet/Documents/NetBeansProjects/SekaHospital/src/Person.java</file>
            <file>file:/C:/Users/samet/Documents/NetBeansProjects/SekaHospital/src/HealthCareStaff.java</file>
        </group>
    </open-files>
</project-private>
